<?xml version="1.0" encoding="UTF-8"?>
<project-private xmlns="http://www.netbeans.org/ns/project-private/1">
    <editor-bookmarks xmlns="http://www.netbeans.org/ns/editor-bookmarks/2" lastBookmarkId="1">
        <file>
            <url>web/Principal.jsp</url>
            <bookmark id="1">
                <name/>
                <line>43</line>
                <key/>
            </bookmark>
        </file>
    </editor-bookmarks>
    <open-files xmlns="http://www.netbeans.org/ns/projectui-open-files/2">
        <group>
            <file>file:/C:/Users/Informatica/Downloads/Fennec/Fennec/src/java/config/Conexion.java</file>
            <file>file:/C:/Users/Informatica/Downloads/Fennec/Fennec/src/java/controlador/Controlador.java</file>
            <file>file:/C:/Users/Informatica/Downloads/Fennec/Fennec/web/Carro.jsp</file>
            <file>file:/C:/Users/Informatica/Downloads/Fennec/Fennec/src/java/modelo/CarroDAO.java</file>
            <file>file:/C:/Users/Informatica/Downloads/Fennec/Fennec/src/java/modelo/Carro.java</file>
        </group>
    </open-files>
</project-private>
