<?xml version="1.0" encoding="UTF-8"?>
<project-private xmlns="http://www.netbeans.org/ns/project-private/1">
    <editor-bookmarks xmlns="http://www.netbeans.org/ns/editor-bookmarks/2" lastBookmarkId="1">
        <file>
            <url>web/Principal.jsp</url>
            <bookmark id="1">
                <name/>
                <line>38</line>
                <key/>
            </bookmark>
        </file>
    </editor-bookmarks>
    <open-files xmlns="http://www.netbeans.org/ns/projectui-open-files/2">
        <group>
            <file>file:/C:/Users/Josue/OneDrive/Escritorio/Fennec/Fennec/web/Principal.jsp</file>
            <file>file:/C:/Users/Josue/OneDrive/Escritorio/Fennec/Fennec/src/java/modelo/Factura.java</file>
            <file>file:/C:/Users/Josue/OneDrive/Escritorio/Fennec/Fennec/src/java/config/Conexion.java</file>
            <file>file:/C:/Users/Josue/OneDrive/Escritorio/Fennec/Fennec/src/java/modelo/DetalleFactura.java</file>
            <file>file:/C:/Users/Josue/OneDrive/Escritorio/Fennec/Fennec/src/java/modelo/DetalleFacturaDAO.java</file>
            <file>file:/C:/Users/Josue/OneDrive/Escritorio/Fennec/Fennec/web/Factura.jsp</file>
            <file>file:/C:/Users/Josue/OneDrive/Escritorio/Fennec/Fennec/src/java/modelo/Cliente.java</file>
            <file>file:/C:/Users/Josue/OneDrive/Escritorio/Fennec/Fennec/src/java/modelo/DetalleCompraDAO.java</file>
            <file>file:/C:/Users/Josue/OneDrive/Escritorio/Fennec/Fennec/web/Principal2.jsp</file>
            <file>file:/C:/Users/Josue/OneDrive/Escritorio/Fennec/Fennec/src/java/modelo/FacturaDAO.java</file>
            <file>file:/C:/Users/Josue/OneDrive/Escritorio/Fennec/Fennec/web/DetalleFactura.jsp</file>
            <file>file:/C:/Users/Josue/OneDrive/Escritorio/Fennec/Fennec/web/css/customStyle.css</file>
            <file>file:/C:/Users/Josue/OneDrive/Escritorio/Fennec/Fennec/web/css/style.css</file>
            <file>file:/C:/Users/Josue/OneDrive/Escritorio/Fennec/Fennec/src/java/controlador/Controlador.java</file>
            <file>file:/C:/Users/Josue/OneDrive/Escritorio/Fennec/Fennec/web/css/script.js</file>
        </group>
    </open-files>
</project-private>
